INSERT INTO carbrands(id, identifiers, name, primaryidentifier) VALUES(1, 'ww', 'Volkswagen', 'vw'), (2, 'audi', 'Audi', 'audi'), (3, 'toyota', 'Toyota', 'toyota');

INSERT INTO carmodels(id, brandid, identifiers, name, primaryidentifier) VALUES(1, 1, NULL, 'Golf', 'vw-golf'), (2, 2, NULL, 'A4', 'audi-a4'), (3, 1, NULL, 'Tiguan', 'vw-tiguan');

INSERT INTO sellers(id, contact, location, name, source, sourceid) VALUES(1, 'info@seller1.si', 'Ljubljana', 'Seller 1', NULL, NULL), (2, 'info@seller2.si', 'Kranj', 'Seller 2', NULL, NULL), (3, '/', 'Ljubljana', 'Seller 3', NULL, NULL), (4, '(01) 23 45 678', 'Ljubljana', 'Seller 4', NULL, NULL), (5, 'http://www.recar.si', 'Tovarniška ulica 7, Celje', 'RECAR d.o.o.', 'avtonet', '12621');

INSERT INTO ads(id, additionalnotes, bodytype, drivendistancekm, enginetype, firstregistrationmonth, firstregistrationyear, modelid, originaluri, otherdata, photouri, price, sellerid, source, sourceid, statetype, title, transmissiontype) VALUES(1, NULL, NULL, NULL, NULL, NULL, NULL, 2, 'https://catalog.marketplace.bobnar.net/v1/ads/1', NULL, NULL, NULL, 1, 'marketplace-catalog', NULL, NULL, 'Testing ad 1, created on marketplace', NULL), (2, NULL, NULL, NULL, NULL, NULL, NULL, 1, 'https://www.avto.net/Ads/details.asp?id=19043847&display=Suzuki%20Alto', NULL, NULL, NULL, 2, 'avtonet', NULL, NULL, 'Testing ad 2, imported from avtonet', NULL), (3, NULL, NULL, NULL, NULL, NULL, NULL, 2, 'https://www.bolha.com/avto-oglasi/peugeot-rcz-1.6-thp-147kw-200-km-1-lastnik-oglas-11577078', NULL, NULL, NULL, 3, 'bolha', NULL, NULL, 'Testing ad 3, imported from bolha', NULL), (4, NULL, NULL, NULL, NULL, NULL, NULL, 1, 'https://catalog.marketplace.bobnar.net/v1/ads/4', NULL, NULL, NULL, 4, 'marketplace-catalog', NULL, NULL, 'Testing ad 4, created on marketplace', NULL), (5, NULL, NULL, 0, NULL, 0, 0, 2, 'https://www.avto.net/Ads/details.asp?id=19130301&display=Volkswagen%20Passat', NULL, NULL, 0.0, 5, 'avtonet', '19130301', NULL, 'Volkswagen Passat 2.0 TDI 159900 km-BIXEN-LED-NAVI-TEMP-ALU 16 COL', NULL);

